,service_id,service_name,monday,tuesday,wednesday,thursday,friday,saturday,sunday,start_date,end_date,month
0,WKO00_MTWThF_20220201_20220414,00_Secondary School Terms (1st Term only) (Weekday),1,1,1,1,1,0,0,2022-02-01,2022-02-28,2
1,WKO00_MTWThF_20220201_20220414,00_Secondary School Terms (1st Term only) (Weekday),1,1,1,1,1,0,0,2022-03-01,2022-03-31,3
2,WKO00_MTWThF_20220201_20220414,00_Secondary School Terms (1st Term only) (Weekday),1,1,1,1,1,0,0,2022-04-01,2022-04-14,4
3,WKO00_MTWThF_20221017_20221220,00_Secondary School Terms (2nd May) (Weekday),1,1,1,1,1,0,0,2022-10-17,2022-10-31,10
4,WKO00_MTWThF_20221017_20221220,00_Secondary School Terms (2nd May) (Weekday),1,1,1,1,1,0,0,2022-11-01,2022-11-30,11
5,WKO00_MTWThF_20221017_20221220,00_Secondary School Terms (2nd May) (Weekday),1,1,1,1,1,0,0,2022-12-01,2022-12-20,12
6,WKO00_MTWThF_20220725_20220930,00_Secondary School Terms (2nd May) (Weekday),1,1,1,1,1,0,0,2022-07-25,2022-07-31,7
7,WKO00_MTWThF_20220725_20220930,00_Secondary School Terms (2nd May) (Weekday),1,1,1,1,1,0,0,2022-08-01,2022-08-31,8
8,WKO00_MTWThF_20220725_20220930,00_Secondary School Terms (2nd May) (Weekday),1,1,1,1,1,0,0,2022-09-01,2022-09-30,9
9,WKO00_MTWThF_20220502_20220708,00_Secondary School Terms (2nd May) (Weekday),1,1,1,1,1,0,0,2022-05-02,2022-05-31,5
10,WKO00_MTWThF_20220502_20220708,00_Secondary School Terms (2nd May) (Weekday),1,1,1,1,1,0,0,2022-06-01,2022-06-30,6
11,WKO00_MTWThF_20220502_20220708,00_Secondary School Terms (2nd May) (Weekday),1,1,1,1,1,0,0,2022-07-01,2022-07-08,7
12,WKO00_SSu_20220201_20220501,00_Year_Round_Until_1st_May (Weekend),0,0,0,0,0,1,1,2022-02-01,2022-02-28,2
13,WKO00_SSu_20220201_20220501,00_Year_Round_Until_1st_May (Weekend),0,0,0,0,0,1,1,2022-03-01,2022-03-31,3
14,WKO00_SSu_20220201_20220501,00_Year_Round_Until_1st_May (Weekend),0,0,0,0,0,1,1,2022-04-01,2022-04-30,4
15,WKO00_SSu_20220201_20220501,00_Year_Round_Until_1st_May (Weekend),0,0,0,0,0,1,1,2022-05-01,2022-05-01,5
16,WKO00_S_20220201_20220501,00_Year_Round_Until_1st_May (Saturday only),0,0,0,0,0,1,0,2022-02-01,2022-02-28,2
17,WKO00_S_20220201_20220501,00_Year_Round_Until_1st_May (Saturday only),0,0,0,0,0,1,0,2022-03-01,2022-03-31,3
18,WKO00_S_20220201_20220501,00_Year_Round_Until_1st_May (Saturday only),0,0,0,0,0,1,0,2022-04-01,2022-04-30,4
19,WKO00_S_20220201_20220501,00_Year_Round_Until_1st_May (Saturday only),0,0,0,0,0,1,0,2022-05-01,2022-05-01,5
20,WKO00_MTWThF_20220201_20220501,00_Year_Round_Until_1st_May (Weekday),1,1,1,1,1,0,0,2022-02-01,2022-02-28,2
21,WKO00_MTWThF_20220201_20220501,00_Year_Round_Until_1st_May (Weekday),1,1,1,1,1,0,0,2022-03-01,2022-03-31,3
22,WKO00_MTWThF_20220201_20220501,00_Year_Round_Until_1st_May (Weekday),1,1,1,1,1,0,0,2022-04-01,2022-04-30,4
23,WKO00_MTWThF_20220201_20220501,00_Year_Round_Until_1st_May (Weekday),1,1,1,1,1,0,0,2022-05-01,2022-05-01,5
24,WKO00_SSu_20220502_20240731,00_Year_Round_LC_2nd May (Weekend),0,0,0,0,0,1,1,2022-05-02,2022-05-31,5
25,WKO00_SSu_20220502_20240731,00_Year_Round_LC_2nd May (Weekend),0,0,0,0,0,1,1,2022-06-01,2022-06-30,6
26,WKO00_SSu_20220502_20240731,00_Year_Round_LC_2nd May (Weekend),0,0,0,0,0,1,1,2022-07-01,2022-07-31,7
27,WKO00_SSu_20220502_20240731,00_Year_Round_LC_2nd May (Weekend),0,0,0,0,0,1,1,2022-08-01,2022-08-31,8
28,WKO00_SSu_20220502_20240731,00_Year_Round_LC_2nd May (Weekend),0,0,0,0,0,1,1,2022-09-01,2022-09-30,9
29,WKO00_SSu_20220502_20240731,00_Year_Round_LC_2nd May (Weekend),0,0,0,0,0,1,1,2022-10-01,2022-10-31,10
30,WKO00_SSu_20220502_20240731,00_Year_Round_LC_2nd May (Weekend),0,0,0,0,0,1,1,2022-11-01,2022-11-30,11
31,WKO00_SSu_20220502_20240731,00_Year_Round_LC_2nd May (Weekend),0,0,0,0,0,1,1,2022-12-01,2022-12-31,12
32,WKO00_Su_20220502_20240731,00_Year_Round_LC_2nd May (Sunday only),0,0,0,0,0,0,1,2022-05-02,2022-05-31,5
33,WKO00_Su_20220502_20240731,00_Year_Round_LC_2nd May (Sunday only),0,0,0,0,0,0,1,2022-06-01,2022-06-30,6
34,WKO00_Su_20220502_20240731,00_Year_Round_LC_2nd May (Sunday only),0,0,0,0,0,0,1,2022-07-01,2022-07-31,7
35,WKO00_Su_20220502_20240731,00_Year_Round_LC_2nd May (Sunday only),0,0,0,0,0,0,1,2022-08-01,2022-08-31,8
36,WKO00_Su_20220502_20240731,00_Year_Round_LC_2nd May (Sunday only),0,0,0,0,0,0,1,2022-09-01,2022-09-30,9
37,WKO00_Su_20220502_20240731,00_Year_Round_LC_2nd May (Sunday only),0,0,0,0,0,0,1,2022-10-01,2022-10-31,10
38,WKO00_Su_20220502_20240731,00_Year_Round_LC_2nd May (Sunday only),0,0,0,0,0,0,1,2022-11-01,2022-11-30,11
39,WKO00_Su_20220502_20240731,00_Year_Round_LC_2nd May (Sunday only),0,0,0,0,0,0,1,2022-12-01,2022-12-31,12
40,WKO00_S_20220502_20240731,00_Year_Round_LC_2nd May (Saturday only),0,0,0,0,0,1,0,2022-05-02,2022-05-31,5
41,WKO00_S_20220502_20240731,00_Year_Round_LC_2nd May (Saturday only),0,0,0,0,0,1,0,2022-06-01,2022-06-30,6
42,WKO00_S_20220502_20240731,00_Year_Round_LC_2nd May (Saturday only),0,0,0,0,0,1,0,2022-07-01,2022-07-31,7
43,WKO00_S_20220502_20240731,00_Year_Round_LC_2nd May (Saturday only),0,0,0,0,0,1,0,2022-08-01,2022-08-31,8
44,WKO00_S_20220502_20240731,00_Year_Round_LC_2nd May (Saturday only),0,0,0,0,0,1,0,2022-09-01,2022-09-30,9
45,WKO00_S_20220502_20240731,00_Year_Round_LC_2nd May (Saturday only),0,0,0,0,0,1,0,2022-10-01,2022-10-31,10
46,WKO00_S_20220502_20240731,00_Year_Round_LC_2nd May (Saturday only),0,0,0,0,0,1,0,2022-11-01,2022-11-30,11
47,WKO00_S_20220502_20240731,00_Year_Round_LC_2nd May (Saturday only),0,0,0,0,0,1,0,2022-12-01,2022-12-31,12
48,WKO00_MTWThF_20220502_20240731,00_Year_Round_LC_2nd May (Weekday),1,1,1,1,1,0,0,2022-05-02,2022-05-31,5
49,WKO00_MTWThF_20220502_20240731,00_Year_Round_LC_2nd May (Weekday),1,1,1,1,1,0,0,2022-06-01,2022-06-30,6
50,WKO00_MTWThF_20220502_20240731,00_Year_Round_LC_2nd May (Weekday),1,1,1,1,1,0,0,2022-07-01,2022-07-31,7
51,WKO00_MTWThF_20220502_20240731,00_Year_Round_LC_2nd May (Weekday),1,1,1,1,1,0,0,2022-08-01,2022-08-31,8
52,WKO00_MTWThF_20220502_20240731,00_Year_Round_LC_2nd May (Weekday),1,1,1,1,1,0,0,2022-09-01,2022-09-30,9
53,WKO00_MTWThF_20220502_20240731,00_Year_Round_LC_2nd May (Weekday),1,1,1,1,1,0,0,2022-10-01,2022-10-31,10
54,WKO00_MTWThF_20220502_20240731,00_Year_Round_LC_2nd May (Weekday),1,1,1,1,1,0,0,2022-11-01,2022-11-30,11
55,WKO00_MTWThF_20220502_20240731,00_Year_Round_LC_2nd May (Weekday),1,1,1,1,1,0,0,2022-12-01,2022-12-31,12
56,WKO00_MTWThF_20221219_20230129,00_Summer School Holidays (1st Feb) (Weekday),1,1,1,1,1,0,0,2022-12-19,2022-12-31,12
57,WKO00_MTWThF_20221001_20221016,00_Secondary School Terms Holidays (Exclu. Dec) (1st Feb) (Weekday),1,1,1,1,1,0,0,2022-10-01,2022-10-16,10
58,WKO00_MTWThF_20220709_20220724,00_Secondary School Terms Holidays (Exclu. Dec) (1st Feb) (Weekday),1,1,1,1,1,0,0,2022-07-09,2022-07-24,7
59,WKO00_MTWThF_20220416_20220501,00_Secondary School Terms Holidays (Exclu. Dec) (1st Feb) (Weekday),1,1,1,1,1,0,0,2022-04-16,2022-04-30,4
60,WKO00_MTWThF_20220416_20220501,00_Secondary School Terms Holidays (Exclu. Dec) (1st Feb) (Weekday),1,1,1,1,1,0,0,2022-05-01,2022-05-01,5
61,WKO00_MTWThF_20221017_20221220_1,00_Secondary School Terms (1st Feb) (Weekday),1,1,1,1,1,0,0,2022-10-17,2022-10-31,10
62,WKO00_MTWThF_20221017_20221220_1,00_Secondary School Terms (1st Feb) (Weekday),1,1,1,1,1,0,0,2022-11-01,2022-11-30,11
63,WKO00_MTWThF_20221017_20221220_1,00_Secondary School Terms (1st Feb) (Weekday),1,1,1,1,1,0,0,2022-12-01,2022-12-20,12
64,WKO00_MTWThF_20220725_20220930_1,00_Secondary School Terms (1st Feb) (Weekday),1,1,1,1,1,0,0,2022-07-25,2022-07-31,7
65,WKO00_MTWThF_20220725_20220930_1,00_Secondary School Terms (1st Feb) (Weekday),1,1,1,1,1,0,0,2022-08-01,2022-08-31,8
66,WKO00_MTWThF_20220725_20220930_1,00_Secondary School Terms (1st Feb) (Weekday),1,1,1,1,1,0,0,2022-09-01,2022-09-30,9
67,WKO00_MTWThF_20220502_20220708_1,00_Secondary School Terms (1st Feb) (Weekday),1,1,1,1,1,0,0,2022-05-02,2022-05-31,5
68,WKO00_MTWThF_20220502_20220708_1,00_Secondary School Terms (1st Feb) (Weekday),1,1,1,1,1,0,0,2022-06-01,2022-06-30,6
69,WKO00_MTWThF_20220502_20220708_1,00_Secondary School Terms (1st Feb) (Weekday),1,1,1,1,1,0,0,2022-07-01,2022-07-08,7
70,WKO00_MTWThF_20220201_20220414_1,00_Secondary School Terms (1st Feb) (Weekday),1,1,1,1,1,0,0,2022-02-01,2022-02-28,2
71,WKO00_MTWThF_20220201_20220414_1,00_Secondary School Terms (1st Feb) (Weekday),1,1,1,1,1,0,0,2022-03-01,2022-03-31,3
72,WKO00_MTWThF_20220201_20220414_1,00_Secondary School Terms (1st Feb) (Weekday),1,1,1,1,1,0,0,2022-04-01,2022-04-14,4
73,WKO00_SSu_20220201_20220414,00_Labour Weekend to Easter Weekend (1st Feb) (Weekend),0,0,0,0,0,1,1,2022-02-01,2022-02-28,2
74,WKO00_SSu_20220201_20220414,00_Labour Weekend to Easter Weekend (1st Feb) (Weekend),0,0,0,0,0,1,1,2022-03-01,2022-03-31,3
75,WKO00_SSu_20220201_20220414,00_Labour Weekend to Easter Weekend (1st Feb) (Weekend),0,0,0,0,0,1,1,2022-04-01,2022-04-14,4
76,WKO00_SSu_20220415_20221021,00_Easter Weekend to Labour Weekend (1st Feb) (Weekend),0,0,0,0,0,1,1,2022-04-15,2022-04-30,4
77,WKO00_SSu_20220415_20221021,00_Easter Weekend to Labour Weekend (1st Feb) (Weekend),0,0,0,0,0,1,1,2022-05-01,2022-05-31,5
78,WKO00_SSu_20220415_20221021,00_Easter Weekend to Labour Weekend (1st Feb) (Weekend),0,0,0,0,0,1,1,2022-06-01,2022-06-30,6
79,WKO00_SSu_20220415_20221021,00_Easter Weekend to Labour Weekend (1st Feb) (Weekend),0,0,0,0,0,1,1,2022-07-01,2022-07-31,7
80,WKO00_SSu_20220415_20221021,00_Easter Weekend to Labour Weekend (1st Feb) (Weekend),0,0,0,0,0,1,1,2022-08-01,2022-08-31,8
81,WKO00_SSu_20220415_20221021,00_Easter Weekend to Labour Weekend (1st Feb) (Weekend),0,0,0,0,0,1,1,2022-09-01,2022-09-30,9
82,WKO00_SSu_20220415_20221021,00_Easter Weekend to Labour Weekend (1st Feb) (Weekend),0,0,0,0,0,1,1,2022-10-01,2022-10-21,10
83,WKO00_SSu_20220201_20260313,00_Year_Round_A_Christmas (Weekend),0,0,0,0,0,1,1,2022-02-01,2022-02-28,2
84,WKO00_SSu_20220201_20260313,00_Year_Round_A_Christmas (Weekend),0,0,0,0,0,1,1,2022-03-01,2022-03-31,3
85,WKO00_SSu_20220201_20260313,00_Year_Round_A_Christmas (Weekend),0,0,0,0,0,1,1,2022-04-01,2022-04-30,4
86,WKO00_SSu_20220201_20260313,00_Year_Round_A_Christmas (Weekend),0,0,0,0,0,1,1,2022-05-01,2022-05-31,5
87,WKO00_SSu_20220201_20260313,00_Year_Round_A_Christmas (Weekend),0,0,0,0,0,1,1,2022-06-01,2022-06-30,6
88,WKO00_SSu_20220201_20260313,00_Year_Round_A_Christmas (Weekend),0,0,0,0,0,1,1,2022-07-01,2022-07-31,7
89,WKO00_SSu_20220201_20260313,00_Year_Round_A_Christmas (Weekend),0,0,0,0,0,1,1,2022-08-01,2022-08-31,8
90,WKO00_SSu_20220201_20260313,00_Year_Round_A_Christmas (Weekend),0,0,0,0,0,1,1,2022-09-01,2022-09-30,9
91,WKO00_SSu_20220201_20260313,00_Year_Round_A_Christmas (Weekend),0,0,0,0,0,1,1,2022-10-01,2022-10-31,10
92,WKO00_SSu_20220201_20260313,00_Year_Round_A_Christmas (Weekend),0,0,0,0,0,1,1,2022-11-01,2022-11-30,11
93,WKO00_SSu_20220201_20260313,00_Year_Round_A_Christmas (Weekend),0,0,0,0,0,1,1,2022-12-01,2022-12-31,12
94,WKO00_Su_20220201_20260313,00_Year_Round_A_Christmas (Sunday only),0,0,0,0,0,0,1,2022-02-01,2022-02-28,2
95,WKO00_Su_20220201_20260313,00_Year_Round_A_Christmas (Sunday only),0,0,0,0,0,0,1,2022-03-01,2022-03-31,3
96,WKO00_Su_20220201_20260313,00_Year_Round_A_Christmas (Sunday only),0,0,0,0,0,0,1,2022-04-01,2022-04-30,4
97,WKO00_Su_20220201_20260313,00_Year_Round_A_Christmas (Sunday only),0,0,0,0,0,0,1,2022-05-01,2022-05-31,5
98,WKO00_Su_20220201_20260313,00_Year_Round_A_Christmas (Sunday only),0,0,0,0,0,0,1,2022-06-01,2022-06-30,6
99,WKO00_Su_20220201_20260313,00_Year_Round_A_Christmas (Sunday only),0,0,0,0,0,0,1,2022-07-01,2022-07-31,7
100,WKO00_Su_20220201_20260313,00_Year_Round_A_Christmas (Sunday only),0,0,0,0,0,0,1,2022-08-01,2022-08-31,8
101,WKO00_Su_20220201_20260313,00_Year_Round_A_Christmas (Sunday only),0,0,0,0,0,0,1,2022-09-01,2022-09-30,9
102,WKO00_Su_20220201_20260313,00_Year_Round_A_Christmas (Sunday only),0,0,0,0,0,0,1,2022-10-01,2022-10-31,10
103,WKO00_Su_20220201_20260313,00_Year_Round_A_Christmas (Sunday only),0,0,0,0,0,0,1,2022-11-01,2022-11-30,11
104,WKO00_Su_20220201_20260313,00_Year_Round_A_Christmas (Sunday only),0,0,0,0,0,0,1,2022-12-01,2022-12-31,12
105,WKO00_S_20220201_20260313,00_Year_Round_A_Christmas (Saturday only),0,0,0,0,0,1,0,2022-02-01,2022-02-28,2
106,WKO00_S_20220201_20260313,00_Year_Round_A_Christmas (Saturday only),0,0,0,0,0,1,0,2022-03-01,2022-03-31,3
107,WKO00_S_20220201_20260313,00_Year_Round_A_Christmas (Saturday only),0,0,0,0,0,1,0,2022-04-01,2022-04-30,4
108,WKO00_S_20220201_20260313,00_Year_Round_A_Christmas (Saturday only),0,0,0,0,0,1,0,2022-05-01,2022-05-31,5
109,WKO00_S_20220201_20260313,00_Year_Round_A_Christmas (Saturday only),0,0,0,0,0,1,0,2022-06-01,2022-06-30,6
110,WKO00_S_20220201_20260313,00_Year_Round_A_Christmas (Saturday only),0,0,0,0,0,1,0,2022-07-01,2022-07-31,7
111,WKO00_S_20220201_20260313,00_Year_Round_A_Christmas (Saturday only),0,0,0,0,0,1,0,2022-08-01,2022-08-31,8
112,WKO00_S_20220201_20260313,00_Year_Round_A_Christmas (Saturday only),0,0,0,0,0,1,0,2022-09-01,2022-09-30,9
113,WKO00_S_20220201_20260313,00_Year_Round_A_Christmas (Saturday only),0,0,0,0,0,1,0,2022-10-01,2022-10-31,10
114,WKO00_S_20220201_20260313,00_Year_Round_A_Christmas (Saturday only),0,0,0,0,0,1,0,2022-11-01,2022-11-30,11
115,WKO00_S_20220201_20260313,00_Year_Round_A_Christmas (Saturday only),0,0,0,0,0,1,0,2022-12-01,2022-12-31,12
116,WKO00_MTWThF_20220201_20260313,00_Year_Round_A_Christmas (Weekday),1,1,1,1,1,0,0,2022-02-01,2022-02-28,2
117,WKO00_MTWThF_20220201_20260313,00_Year_Round_A_Christmas (Weekday),1,1,1,1,1,0,0,2022-03-01,2022-03-31,3
118,WKO00_MTWThF_20220201_20260313,00_Year_Round_A_Christmas (Weekday),1,1,1,1,1,0,0,2022-04-01,2022-04-30,4
119,WKO00_MTWThF_20220201_20260313,00_Year_Round_A_Christmas (Weekday),1,1,1,1,1,0,0,2022-05-01,2022-05-31,5
120,WKO00_MTWThF_20220201_20260313,00_Year_Round_A_Christmas (Weekday),1,1,1,1,1,0,0,2022-06-01,2022-06-30,6
121,WKO00_MTWThF_20220201_20260313,00_Year_Round_A_Christmas (Weekday),1,1,1,1,1,0,0,2022-07-01,2022-07-31,7
122,WKO00_MTWThF_20220201_20260313,00_Year_Round_A_Christmas (Weekday),1,1,1,1,1,0,0,2022-08-01,2022-08-31,8
123,WKO00_MTWThF_20220201_20260313,00_Year_Round_A_Christmas (Weekday),1,1,1,1,1,0,0,2022-09-01,2022-09-30,9
124,WKO00_MTWThF_20220201_20260313,00_Year_Round_A_Christmas (Weekday),1,1,1,1,1,0,0,2022-10-01,2022-10-31,10
125,WKO00_MTWThF_20220201_20260313,00_Year_Round_A_Christmas (Weekday),1,1,1,1,1,0,0,2022-11-01,2022-11-30,11
126,WKO00_MTWThF_20220201_20260313,00_Year_Round_A_Christmas (Weekday),1,1,1,1,1,0,0,2022-12-01,2022-12-31,12
127,WKO00_MWF_20220201_20260313,00_Year_Round_A_Christmas (MWF),1,0,1,0,1,0,0,2022-02-01,2022-02-28,2
128,WKO00_MWF_20220201_20260313,00_Year_Round_A_Christmas (MWF),1,0,1,0,1,0,0,2022-03-01,2022-03-31,3
129,WKO00_MWF_20220201_20260313,00_Year_Round_A_Christmas (MWF),1,0,1,0,1,0,0,2022-04-01,2022-04-30,4
130,WKO00_MWF_20220201_20260313,00_Year_Round_A_Christmas (MWF),1,0,1,0,1,0,0,2022-05-01,2022-05-31,5
131,WKO00_MWF_20220201_20260313,00_Year_Round_A_Christmas (MWF),1,0,1,0,1,0,0,2022-06-01,2022-06-30,6
132,WKO00_MWF_20220201_20260313,00_Year_Round_A_Christmas (MWF),1,0,1,0,1,0,0,2022-07-01,2022-07-31,7
133,WKO00_MWF_20220201_20260313,00_Year_Round_A_Christmas (MWF),1,0,1,0,1,0,0,2022-08-01,2022-08-31,8
134,WKO00_MWF_20220201_20260313,00_Year_Round_A_Christmas (MWF),1,0,1,0,1,0,0,2022-09-01,2022-09-30,9
135,WKO00_MWF_20220201_20260313,00_Year_Round_A_Christmas (MWF),1,0,1,0,1,0,0,2022-10-01,2022-10-31,10
136,WKO00_MWF_20220201_20260313,00_Year_Round_A_Christmas (MWF),1,0,1,0,1,0,0,2022-11-01,2022-11-30,11
137,WKO00_MWF_20220201_20260313,00_Year_Round_A_Christmas (MWF),1,0,1,0,1,0,0,2022-12-01,2022-12-31,12
138,WKO00_TTh_20220201_20260313,00_Year_Round_A_Christmas (TuTh),0,1,0,1,0,0,0,2022-02-01,2022-02-28,2
139,WKO00_TTh_20220201_20260313,00_Year_Round_A_Christmas (TuTh),0,1,0,1,0,0,0,2022-03-01,2022-03-31,3
140,WKO00_TTh_20220201_20260313,00_Year_Round_A_Christmas (TuTh),0,1,0,1,0,0,0,2022-04-01,2022-04-30,4
141,WKO00_TTh_20220201_20260313,00_Year_Round_A_Christmas (TuTh),0,1,0,1,0,0,0,2022-05-01,2022-05-31,5
142,WKO00_TTh_20220201_20260313,00_Year_Round_A_Christmas (TuTh),0,1,0,1,0,0,0,2022-06-01,2022-06-30,6
143,WKO00_TTh_20220201_20260313,00_Year_Round_A_Christmas (TuTh),0,1,0,1,0,0,0,2022-07-01,2022-07-31,7
144,WKO00_TTh_20220201_20260313,00_Year_Round_A_Christmas (TuTh),0,1,0,1,0,0,0,2022-08-01,2022-08-31,8
145,WKO00_TTh_20220201_20260313,00_Year_Round_A_Christmas (TuTh),0,1,0,1,0,0,0,2022-09-01,2022-09-30,9
146,WKO00_TTh_20220201_20260313,00_Year_Round_A_Christmas (TuTh),0,1,0,1,0,0,0,2022-10-01,2022-10-31,10
147,WKO00_TTh_20220201_20260313,00_Year_Round_A_Christmas (TuTh),0,1,0,1,0,0,0,2022-11-01,2022-11-30,11
148,WKO00_TTh_20220201_20260313,00_Year_Round_A_Christmas (TuTh),0,1,0,1,0,0,0,2022-12-01,2022-12-31,12
149,WKO00_MTWThF_20221001_20221016_1,00_Secondary School Terms Holidays (Exclu. Dec) (Weekday),1,1,1,1,1,0,0,2022-10-01,2022-10-16,10
150,WKO00_MTWThF_20220709_20220724_1,00_Secondary School Terms Holidays (Exclu. Dec) (Weekday),1,1,1,1,1,0,0,2022-07-09,2022-07-24,7
151,WKO00_MTWThF_20220416_20220501_1,00_Secondary School Terms Holidays (Exclu. Dec) (Weekday),1,1,1,1,1,0,0,2022-04-16,2022-04-30,4
152,WKO00_MTWThF_20220416_20220501_1,00_Secondary School Terms Holidays (Exclu. Dec) (Weekday),1,1,1,1,1,0,0,2022-05-01,2022-05-01,5
153,WKO00_SSu_20220201_20260306,00_Year_Round_B_A_Christmas (Weekend),0,0,0,0,0,1,1,2022-02-01,2022-02-28,2
154,WKO00_SSu_20220201_20260306,00_Year_Round_B_A_Christmas (Weekend),0,0,0,0,0,1,1,2022-03-01,2022-03-31,3
155,WKO00_SSu_20220201_20260306,00_Year_Round_B_A_Christmas (Weekend),0,0,0,0,0,1,1,2022-04-01,2022-04-30,4
156,WKO00_SSu_20220201_20260306,00_Year_Round_B_A_Christmas (Weekend),0,0,0,0,0,1,1,2022-05-01,2022-05-31,5
157,WKO00_SSu_20220201_20260306,00_Year_Round_B_A_Christmas (Weekend),0,0,0,0,0,1,1,2022-06-01,2022-06-30,6
158,WKO00_SSu_20220201_20260306,00_Year_Round_B_A_Christmas (Weekend),0,0,0,0,0,1,1,2022-07-01,2022-07-31,7
159,WKO00_SSu_20220201_20260306,00_Year_Round_B_A_Christmas (Weekend),0,0,0,0,0,1,1,2022-08-01,2022-08-31,8
160,WKO00_SSu_20220201_20260306,00_Year_Round_B_A_Christmas (Weekend),0,0,0,0,0,1,1,2022-09-01,2022-09-30,9
161,WKO00_SSu_20220201_20260306,00_Year_Round_B_A_Christmas (Weekend),0,0,0,0,0,1,1,2022-10-01,2022-10-31,10
162,WKO00_SSu_20220201_20260306,00_Year_Round_B_A_Christmas (Weekend),0,0,0,0,0,1,1,2022-11-01,2022-11-30,11
163,WKO00_SSu_20220201_20260306,00_Year_Round_B_A_Christmas (Weekend),0,0,0,0,0,1,1,2022-12-01,2022-12-31,12
164,WKO00_S_20220201_20260306,00_Year_Round_B_A_Christmas (Saturday only),0,0,0,0,0,1,0,2022-02-01,2022-02-28,2
165,WKO00_S_20220201_20260306,00_Year_Round_B_A_Christmas (Saturday only),0,0,0,0,0,1,0,2022-03-01,2022-03-31,3
166,WKO00_S_20220201_20260306,00_Year_Round_B_A_Christmas (Saturday only),0,0,0,0,0,1,0,2022-04-01,2022-04-30,4
167,WKO00_S_20220201_20260306,00_Year_Round_B_A_Christmas (Saturday only),0,0,0,0,0,1,0,2022-05-01,2022-05-31,5
168,WKO00_S_20220201_20260306,00_Year_Round_B_A_Christmas (Saturday only),0,0,0,0,0,1,0,2022-06-01,2022-06-30,6
169,WKO00_S_20220201_20260306,00_Year_Round_B_A_Christmas (Saturday only),0,0,0,0,0,1,0,2022-07-01,2022-07-31,7
170,WKO00_S_20220201_20260306,00_Year_Round_B_A_Christmas (Saturday only),0,0,0,0,0,1,0,2022-08-01,2022-08-31,8
171,WKO00_S_20220201_20260306,00_Year_Round_B_A_Christmas (Saturday only),0,0,0,0,0,1,0,2022-09-01,2022-09-30,9
172,WKO00_S_20220201_20260306,00_Year_Round_B_A_Christmas (Saturday only),0,0,0,0,0,1,0,2022-10-01,2022-10-31,10
173,WKO00_S_20220201_20260306,00_Year_Round_B_A_Christmas (Saturday only),0,0,0,0,0,1,0,2022-11-01,2022-11-30,11
174,WKO00_S_20220201_20260306,00_Year_Round_B_A_Christmas (Saturday only),0,0,0,0,0,1,0,2022-12-01,2022-12-31,12
175,WKO00_MTWThF_20220201_20260306,00_Year_Round_B_A_Christmas (Weekday),1,1,1,1,1,0,0,2022-02-01,2022-02-28,2
176,WKO00_MTWThF_20220201_20260306,00_Year_Round_B_A_Christmas (Weekday),1,1,1,1,1,0,0,2022-03-01,2022-03-31,3
177,WKO00_MTWThF_20220201_20260306,00_Year_Round_B_A_Christmas (Weekday),1,1,1,1,1,0,0,2022-04-01,2022-04-30,4
178,WKO00_MTWThF_20220201_20260306,00_Year_Round_B_A_Christmas (Weekday),1,1,1,1,1,0,0,2022-05-01,2022-05-31,5
179,WKO00_MTWThF_20220201_20260306,00_Year_Round_B_A_Christmas (Weekday),1,1,1,1,1,0,0,2022-06-01,2022-06-30,6
180,WKO00_MTWThF_20220201_20260306,00_Year_Round_B_A_Christmas (Weekday),1,1,1,1,1,0,0,2022-07-01,2022-07-31,7
181,WKO00_MTWThF_20220201_20260306,00_Year_Round_B_A_Christmas (Weekday),1,1,1,1,1,0,0,2022-08-01,2022-08-31,8
182,WKO00_MTWThF_20220201_20260306,00_Year_Round_B_A_Christmas (Weekday),1,1,1,1,1,0,0,2022-09-01,2022-09-30,9
183,WKO00_MTWThF_20220201_20260306,00_Year_Round_B_A_Christmas (Weekday),1,1,1,1,1,0,0,2022-10-01,2022-10-31,10
184,WKO00_MTWThF_20220201_20260306,00_Year_Round_B_A_Christmas (Weekday),1,1,1,1,1,0,0,2022-11-01,2022-11-30,11
185,WKO00_MTWThF_20220201_20260306,00_Year_Round_B_A_Christmas (Weekday),1,1,1,1,1,0,0,2022-12-01,2022-12-31,12
186,WKO00_MTWThF_20221017_20221220_2,00_Secondary School Terms (4th Oct) (Weekday),1,1,1,1,1,0,0,2022-10-17,2022-10-31,10
187,WKO00_MTWThF_20221017_20221220_2,00_Secondary School Terms (4th Oct) (Weekday),1,1,1,1,1,0,0,2022-11-01,2022-11-30,11
188,WKO00_MTWThF_20221017_20221220_2,00_Secondary School Terms (4th Oct) (Weekday),1,1,1,1,1,0,0,2022-12-01,2022-12-20,12
189,WKO00_MTWThF_20220725_20220930_2,00_Secondary School Terms (4th Oct) (Weekday),1,1,1,1,1,0,0,2022-07-25,2022-07-31,7
190,WKO00_MTWThF_20220725_20220930_2,00_Secondary School Terms (4th Oct) (Weekday),1,1,1,1,1,0,0,2022-08-01,2022-08-31,8
191,WKO00_MTWThF_20220725_20220930_2,00_Secondary School Terms (4th Oct) (Weekday),1,1,1,1,1,0,0,2022-09-01,2022-09-30,9
192,WKO00_MTWThF_20220502_20220708_2,00_Secondary School Terms (4th Oct) (Weekday),1,1,1,1,1,0,0,2022-05-02,2022-05-31,5
193,WKO00_MTWThF_20220502_20220708_2,00_Secondary School Terms (4th Oct) (Weekday),1,1,1,1,1,0,0,2022-06-01,2022-06-30,6
194,WKO00_MTWThF_20220502_20220708_2,00_Secondary School Terms (4th Oct) (Weekday),1,1,1,1,1,0,0,2022-07-01,2022-07-08,7
195,WKO00_MTWThF_20220201_20220414_2,00_Secondary School Terms (4th Oct) (Weekday),1,1,1,1,1,0,0,2022-02-01,2022-02-28,2
196,WKO00_MTWThF_20220201_20220414_2,00_Secondary School Terms (4th Oct) (Weekday),1,1,1,1,1,0,0,2022-03-01,2022-03-31,3
197,WKO00_MTWThF_20220201_20220414_2,00_Secondary School Terms (4th Oct) (Weekday),1,1,1,1,1,0,0,2022-04-01,2022-04-14,4
198,WKO00_MTWThF_20220105_20250207,00_Year_Round_Taupo North_Christmas (Weekday),1,1,1,1,1,0,0,2022-01-05,2022-01-31,1
199,WKO00_MTWThF_20220105_20250207,00_Year_Round_Taupo North_Christmas (Weekday),1,1,1,1,1,0,0,2022-02-01,2022-02-28,2
200,WKO00_MTWThF_20220105_20250207,00_Year_Round_Taupo North_Christmas (Weekday),1,1,1,1,1,0,0,2022-03-01,2022-03-31,3
201,WKO00_MTWThF_20220105_20250207,00_Year_Round_Taupo North_Christmas (Weekday),1,1,1,1,1,0,0,2022-04-01,2022-04-30,4
202,WKO00_MTWThF_20220105_20250207,00_Year_Round_Taupo North_Christmas (Weekday),1,1,1,1,1,0,0,2022-05-01,2022-05-31,5
203,WKO00_MTWThF_20220105_20250207,00_Year_Round_Taupo North_Christmas (Weekday),1,1,1,1,1,0,0,2022-06-01,2022-06-30,6
204,WKO00_MTWThF_20220105_20250207,00_Year_Round_Taupo North_Christmas (Weekday),1,1,1,1,1,0,0,2022-07-01,2022-07-31,7
205,WKO00_MTWThF_20220105_20250207,00_Year_Round_Taupo North_Christmas (Weekday),1,1,1,1,1,0,0,2022-08-01,2022-08-31,8
206,WKO00_MTWThF_20220105_20250207,00_Year_Round_Taupo North_Christmas (Weekday),1,1,1,1,1,0,0,2022-09-01,2022-09-30,9
207,WKO00_MTWThF_20220105_20250207,00_Year_Round_Taupo North_Christmas (Weekday),1,1,1,1,1,0,0,2022-10-01,2022-10-31,10
208,WKO00_MTWThF_20220105_20250207,00_Year_Round_Taupo North_Christmas (Weekday),1,1,1,1,1,0,0,2022-11-01,2022-11-30,11
209,WKO00_MTWThF_20220105_20250207,00_Year_Round_Taupo North_Christmas (Weekday),1,1,1,1,1,0,0,2022-12-01,2022-12-31,12
210,WKO00_Su_20220201_20241109,00_Year_Round_Oct Meteor (Sunday only),0,0,0,0,0,0,1,2022-02-01,2022-02-28,2
211,WKO00_Su_20220201_20241109,00_Year_Round_Oct Meteor (Sunday only),0,0,0,0,0,0,1,2022-03-01,2022-03-31,3
212,WKO00_Su_20220201_20241109,00_Year_Round_Oct Meteor (Sunday only),0,0,0,0,0,0,1,2022-04-01,2022-04-30,4
213,WKO00_Su_20220201_20241109,00_Year_Round_Oct Meteor (Sunday only),0,0,0,0,0,0,1,2022-05-01,2022-05-31,5
214,WKO00_Su_20220201_20241109,00_Year_Round_Oct Meteor (Sunday only),0,0,0,0,0,0,1,2022-06-01,2022-06-30,6
215,WKO00_Su_20220201_20241109,00_Year_Round_Oct Meteor (Sunday only),0,0,0,0,0,0,1,2022-07-01,2022-07-31,7
216,WKO00_Su_20220201_20241109,00_Year_Round_Oct Meteor (Sunday only),0,0,0,0,0,0,1,2022-08-01,2022-08-31,8
217,WKO00_Su_20220201_20241109,00_Year_Round_Oct Meteor (Sunday only),0,0,0,0,0,0,1,2022-09-01,2022-09-30,9
218,WKO00_Su_20220201_20241109,00_Year_Round_Oct Meteor (Sunday only),0,0,0,0,0,0,1,2022-10-01,2022-10-31,10
219,WKO00_Su_20220201_20241109,00_Year_Round_Oct Meteor (Sunday only),0,0,0,0,0,0,1,2022-11-01,2022-11-30,11
220,WKO00_Su_20220201_20241109,00_Year_Round_Oct Meteor (Sunday only),0,0,0,0,0,0,1,2022-12-01,2022-12-31,12
221,WKO00_S_20220201_20241109,00_Year_Round_Oct Meteor (Saturday only),0,0,0,0,0,1,0,2022-02-01,2022-02-28,2
222,WKO00_S_20220201_20241109,00_Year_Round_Oct Meteor (Saturday only),0,0,0,0,0,1,0,2022-03-01,2022-03-31,3
223,WKO00_S_20220201_20241109,00_Year_Round_Oct Meteor (Saturday only),0,0,0,0,0,1,0,2022-04-01,2022-04-30,4
224,WKO00_S_20220201_20241109,00_Year_Round_Oct Meteor (Saturday only),0,0,0,0,0,1,0,2022-05-01,2022-05-31,5
225,WKO00_S_20220201_20241109,00_Year_Round_Oct Meteor (Saturday only),0,0,0,0,0,1,0,2022-06-01,2022-06-30,6
226,WKO00_S_20220201_20241109,00_Year_Round_Oct Meteor (Saturday only),0,0,0,0,0,1,0,2022-07-01,2022-07-31,7
227,WKO00_S_20220201_20241109,00_Year_Round_Oct Meteor (Saturday only),0,0,0,0,0,1,0,2022-08-01,2022-08-31,8
228,WKO00_S_20220201_20241109,00_Year_Round_Oct Meteor (Saturday only),0,0,0,0,0,1,0,2022-09-01,2022-09-30,9
229,WKO00_S_20220201_20241109,00_Year_Round_Oct Meteor (Saturday only),0,0,0,0,0,1,0,2022-10-01,2022-10-31,10
230,WKO00_S_20220201_20241109,00_Year_Round_Oct Meteor (Saturday only),0,0,0,0,0,1,0,2022-11-01,2022-11-30,11
231,WKO00_S_20220201_20241109,00_Year_Round_Oct Meteor (Saturday only),0,0,0,0,0,1,0,2022-12-01,2022-12-31,12
232,WKO00_MTWThF_20220201_20241109,00_Year_Round_Oct Meteor (Weekday),1,1,1,1,1,0,0,2022-02-01,2022-02-28,2
233,WKO00_MTWThF_20220201_20241109,00_Year_Round_Oct Meteor (Weekday),1,1,1,1,1,0,0,2022-03-01,2022-03-31,3
234,WKO00_MTWThF_20220201_20241109,00_Year_Round_Oct Meteor (Weekday),1,1,1,1,1,0,0,2022-04-01,2022-04-30,4
235,WKO00_MTWThF_20220201_20241109,00_Year_Round_Oct Meteor (Weekday),1,1,1,1,1,0,0,2022-05-01,2022-05-31,5
236,WKO00_MTWThF_20220201_20241109,00_Year_Round_Oct Meteor (Weekday),1,1,1,1,1,0,0,2022-06-01,2022-06-30,6
237,WKO00_MTWThF_20220201_20241109,00_Year_Round_Oct Meteor (Weekday),1,1,1,1,1,0,0,2022-07-01,2022-07-31,7
238,WKO00_MTWThF_20220201_20241109,00_Year_Round_Oct Meteor (Weekday),1,1,1,1,1,0,0,2022-08-01,2022-08-31,8
239,WKO00_MTWThF_20220201_20241109,00_Year_Round_Oct Meteor (Weekday),1,1,1,1,1,0,0,2022-09-01,2022-09-30,9
240,WKO00_MTWThF_20220201_20241109,00_Year_Round_Oct Meteor (Weekday),1,1,1,1,1,0,0,2022-10-01,2022-10-31,10
241,WKO00_MTWThF_20220201_20241109,00_Year_Round_Oct Meteor (Weekday),1,1,1,1,1,0,0,2022-11-01,2022-11-30,11
242,WKO00_MTWThF_20220201_20241109,00_Year_Round_Oct Meteor (Weekday),1,1,1,1,1,0,0,2022-12-01,2022-12-31,12
243,WKO00_S_20221224_20221224,00_Te_Huia_Saturdays (Saturday only),0,0,0,0,0,1,0,2022-12-24,2022-12-24,12
244,WKO00_S_20221231_20221231,00_Te_Huia_Saturdays (Saturday only),0,0,0,0,0,1,0,2022-12-31,2022-12-31,12
245,WKO00_S_20221217_20221217,00_Te_Huia_Saturdays (Saturday only),0,0,0,0,0,1,0,2022-12-17,2022-12-17,12
246,WKO00_S_20221210_20221210,00_Te_Huia_Saturdays (Saturday only),0,0,0,0,0,1,0,2022-12-10,2022-12-10,12
247,WKO00_S_20221203_20221203,00_Te_Huia_Saturdays (Saturday only),0,0,0,0,0,1,0,2022-12-03,2022-12-03,12
248,WKO00_S_20221126_20221126,00_Te_Huia_Saturdays (Saturday only),0,0,0,0,0,1,0,2022-11-26,2022-11-26,11
249,WKO00_S_20221119_20221119,00_Te_Huia_Saturdays (Saturday only),0,0,0,0,0,1,0,2022-11-19,2022-11-19,11
250,WKO00_S_20221022_20221022,00_Te_Huia_Saturdays (Saturday only),0,0,0,0,0,1,0,2022-10-22,2022-10-22,10
251,WKO00_S_20221029_20221029,00_Te_Huia_Saturdays (Saturday only),0,0,0,0,0,1,0,2022-10-29,2022-10-29,10
252,WKO00_S_20221112_20221112,00_Te_Huia_Saturdays (Saturday only),0,0,0,0,0,1,0,2022-11-12,2022-11-12,11
253,WKO00_S_20221105_20221105,00_Te_Huia_Saturdays (Saturday only),0,0,0,0,0,1,0,2022-11-05,2022-11-05,11
254,WKO00_S_20221015_20221015,00_Te_Huia_Saturdays (Saturday only),0,0,0,0,0,1,0,2022-10-15,2022-10-15,10
255,WKO00_S_20221008_20221008,00_Te_Huia_Saturdays (Saturday only),0,0,0,0,0,1,0,2022-10-08,2022-10-08,10
256,WKO00_S_20221001_20221001,00_Te_Huia_Saturdays (Saturday only),0,0,0,0,0,1,0,2022-10-01,2022-10-01,10
257,WKO00_S_20220924_20220924,00_Te_Huia_Saturdays (Saturday only),0,0,0,0,0,1,0,2022-09-24,2022-09-24,9
258,WKO00_S_20220917_20220917,00_Te_Huia_Saturdays (Saturday only),0,0,0,0,0,1,0,2022-09-17,2022-09-17,9
259,WKO00_S_20220903_20220903,00_Te_Huia_Saturdays (Saturday only),0,0,0,0,0,1,0,2022-09-03,2022-09-03,9
260,WKO00_S_20220910_20220910,00_Te_Huia_Saturdays (Saturday only),0,0,0,0,0,1,0,2022-09-10,2022-09-10,9
261,WKO00_S_20220813_20220813,00_Te_Huia_Saturdays (Saturday only),0,0,0,0,0,1,0,2022-08-13,2022-08-13,8
262,WKO00_S_20220723_20220723,00_Te_Huia_Saturdays (Saturday only),0,0,0,0,0,1,0,2022-07-23,2022-07-23,7
263,WKO00_S_20220820_20220820,00_Te_Huia_Saturdays (Saturday only),0,0,0,0,0,1,0,2022-08-20,2022-08-20,8
264,WKO00_S_20220806_20220806,00_Te_Huia_Saturdays (Saturday only),0,0,0,0,0,1,0,2022-08-06,2022-08-06,8
265,WKO00_S_20220730_20220730,00_Te_Huia_Saturdays (Saturday only),0,0,0,0,0,1,0,2022-07-30,2022-07-30,7
266,WKO00_S_20220827_20220827,00_Te_Huia_Saturdays (Saturday only),0,0,0,0,0,1,0,2022-08-27,2022-08-27,8
267,WKO00_S_20220716_20220716,00_Te_Huia_Saturdays (Saturday only),0,0,0,0,0,1,0,2022-07-16,2022-07-16,7
268,WKO00_S_20220709_20220709,00_Te_Huia_Saturdays (Saturday only),0,0,0,0,0,1,0,2022-07-09,2022-07-09,7
269,WKO00_S_20220702_20220702,00_Te_Huia_Saturdays (Saturday only),0,0,0,0,0,1,0,2022-07-02,2022-07-02,7
270,WKO00_S_20220625_20220625,00_Te_Huia_Saturdays (Saturday only),0,0,0,0,0,1,0,2022-06-25,2022-06-25,6
271,WKO00_S_20220618_20220618,00_Te_Huia_Saturdays (Saturday only),0,0,0,0,0,1,0,2022-06-18,2022-06-18,6
272,WKO00_S_20220604_20220604,00_Te_Huia_Saturdays (Saturday only),0,0,0,0,0,1,0,2022-06-04,2022-06-04,6
273,WKO00_S_20220611_20220611,00_Te_Huia_Saturdays (Saturday only),0,0,0,0,0,1,0,2022-06-11,2022-06-11,6
274,WKO00_S_20220521_20220521,00_Te_Huia_Saturdays (Saturday only),0,0,0,0,0,1,0,2022-05-21,2022-05-21,5
275,WKO00_S_20220528_20220528,00_Te_Huia_Saturdays (Saturday only),0,0,0,0,0,1,0,2022-05-28,2022-05-28,5
276,WKO00_S_20220514_20220514,00_Te_Huia_Saturdays (Saturday only),0,0,0,0,0,1,0,2022-05-14,2022-05-14,5
277,WKO00_S_20220507_20220507,00_Te_Huia_Saturdays (Saturday only),0,0,0,0,0,1,0,2022-05-07,2022-05-07,5
278,WKO00_S_20220423_20220423,00_Te_Huia_Saturdays (Saturday only),0,0,0,0,0,1,0,2022-04-23,2022-04-23,4
279,WKO00_S_20220430_20220430,00_Te_Huia_Saturdays (Saturday only),0,0,0,0,0,1,0,2022-04-30,2022-04-30,4
280,WKO00_S_20220416_20220416,00_Te_Huia_Saturdays (Saturday only),0,0,0,0,0,1,0,2022-04-16,2022-04-16,4
281,WKO00_S_20220409_20220409,00_Te_Huia_Saturdays (Saturday only),0,0,0,0,0,1,0,2022-04-09,2022-04-09,4
282,WKO00_S_20220402_20220402,00_Te_Huia_Saturdays (Saturday only),0,0,0,0,0,1,0,2022-04-02,2022-04-02,4
283,WKO00_S_20220326_20220326,00_Te_Huia_Saturdays (Saturday only),0,0,0,0,0,1,0,2022-03-26,2022-03-26,3
284,WKO00_S_20220319_20220319,00_Te_Huia_Saturdays (Saturday only),0,0,0,0,0,1,0,2022-03-19,2022-03-19,3
285,WKO00_S_20220312_20220312,00_Te_Huia_Saturdays (Saturday only),0,0,0,0,0,1,0,2022-03-12,2022-03-12,3
286,WKO00_S_20220129_20220129,00_Te_Huia_Saturdays (Saturday only),0,0,0,0,0,1,0,2022-01-29,2022-01-29,1
287,WKO00_S_20220212_20220212,00_Te_Huia_Saturdays (Saturday only),0,0,0,0,0,1,0,2022-02-12,2022-02-12,2
288,WKO00_S_20220219_20220219,00_Te_Huia_Saturdays (Saturday only),0,0,0,0,0,1,0,2022-02-19,2022-02-19,2
289,WKO00_S_20220205_20220205,00_Te_Huia_Saturdays (Saturday only),0,0,0,0,0,1,0,2022-02-05,2022-02-05,2
290,WKO00_S_20220226_20220226,00_Te_Huia_Saturdays (Saturday only),0,0,0,0,0,1,0,2022-02-26,2022-02-26,2
291,WKO00_S_20220305_20220305,00_Te_Huia_Saturdays (Saturday only),0,0,0,0,0,1,0,2022-03-05,2022-03-05,3
292,WKO00_MTWThF_20220124_20240309,00_Te_Huia_Year_Round (Strand Extension) (Weekday),1,1,1,1,1,0,0,2022-01-24,2022-01-31,1
293,WKO00_MTWThF_20220124_20240309,00_Te_Huia_Year_Round (Strand Extension) (Weekday),1,1,1,1,1,0,0,2022-02-01,2022-02-28,2
294,WKO00_MTWThF_20220124_20240309,00_Te_Huia_Year_Round (Strand Extension) (Weekday),1,1,1,1,1,0,0,2022-03-01,2022-03-31,3
295,WKO00_MTWThF_20220124_20240309,00_Te_Huia_Year_Round (Strand Extension) (Weekday),1,1,1,1,1,0,0,2022-04-01,2022-04-30,4
296,WKO00_MTWThF_20220124_20240309,00_Te_Huia_Year_Round (Strand Extension) (Weekday),1,1,1,1,1,0,0,2022-05-01,2022-05-31,5
297,WKO00_MTWThF_20220124_20240309,00_Te_Huia_Year_Round (Strand Extension) (Weekday),1,1,1,1,1,0,0,2022-06-01,2022-06-30,6
298,WKO00_MTWThF_20220124_20240309,00_Te_Huia_Year_Round (Strand Extension) (Weekday),1,1,1,1,1,0,0,2022-07-01,2022-07-31,7
299,WKO00_MTWThF_20220124_20240309,00_Te_Huia_Year_Round (Strand Extension) (Weekday),1,1,1,1,1,0,0,2022-08-01,2022-08-31,8
300,WKO00_MTWThF_20220124_20240309,00_Te_Huia_Year_Round (Strand Extension) (Weekday),1,1,1,1,1,0,0,2022-09-01,2022-09-30,9
301,WKO00_MTWThF_20220124_20240309,00_Te_Huia_Year_Round (Strand Extension) (Weekday),1,1,1,1,1,0,0,2022-10-01,2022-10-31,10
302,WKO00_MTWThF_20220124_20240309,00_Te_Huia_Year_Round (Strand Extension) (Weekday),1,1,1,1,1,0,0,2022-11-01,2022-11-30,11
303,WKO00_MTWThF_20220124_20240309,00_Te_Huia_Year_Round (Strand Extension) (Weekday),1,1,1,1,1,0,0,2022-12-01,2022-12-31,12
304,WKO00_MTWThF_20220709_20220724_2,00_Secondary School Terms Holidays (Weekday),1,1,1,1,1,0,0,2022-07-09,2022-07-24,7
305,WKO00_MTWThF_20221001_20221016_2,00_Secondary School Terms Holidays (Weekday),1,1,1,1,1,0,0,2022-10-01,2022-10-16,10
306,WKO00_MTWThF_20220416_20220501_2,00_Secondary School Terms Holidays (Weekday),1,1,1,1,1,0,0,2022-04-16,2022-04-30,4
307,WKO00_MTWThF_20220416_20220501_2,00_Secondary School Terms Holidays (Weekday),1,1,1,1,1,0,0,2022-05-01,2022-05-01,5
308,WKO00_MTWThF_20221017_20221220_3,00_Secondary School Terms (Weekday),1,1,1,1,1,0,0,2022-10-17,2022-10-31,10
309,WKO00_MTWThF_20221017_20221220_3,00_Secondary School Terms (Weekday),1,1,1,1,1,0,0,2022-11-01,2022-11-30,11
310,WKO00_MTWThF_20221017_20221220_3,00_Secondary School Terms (Weekday),1,1,1,1,1,0,0,2022-12-01,2022-12-20,12
311,WKO00_MTWThF_20220725_20220930_3,00_Secondary School Terms (Weekday),1,1,1,1,1,0,0,2022-07-25,2022-07-31,7
312,WKO00_MTWThF_20220725_20220930_3,00_Secondary School Terms (Weekday),1,1,1,1,1,0,0,2022-08-01,2022-08-31,8
313,WKO00_MTWThF_20220725_20220930_3,00_Secondary School Terms (Weekday),1,1,1,1,1,0,0,2022-09-01,2022-09-30,9
314,WKO00_MTWThF_20220502_20220708_3,00_Secondary School Terms (Weekday),1,1,1,1,1,0,0,2022-05-02,2022-05-31,5
315,WKO00_MTWThF_20220502_20220708_3,00_Secondary School Terms (Weekday),1,1,1,1,1,0,0,2022-06-01,2022-06-30,6
316,WKO00_MTWThF_20220502_20220708_3,00_Secondary School Terms (Weekday),1,1,1,1,1,0,0,2022-07-01,2022-07-08,7
317,WKO00_MTWThF_20220201_20220414_3,00_Secondary School Terms (Weekday),1,1,1,1,1,0,0,2022-02-01,2022-02-28,2
318,WKO00_MTWThF_20220201_20220414_3,00_Secondary School Terms (Weekday),1,1,1,1,1,0,0,2022-03-01,2022-03-31,3
319,WKO00_MTWThF_20220201_20220414_3,00_Secondary School Terms (Weekday),1,1,1,1,1,0,0,2022-04-01,2022-04-14,4
320,WKO00_Su_20220201_20260312,00_Year_Round_A_Aug_A_Christmas (Sunday only),0,0,0,0,0,0,1,2022-02-01,2022-02-28,2
321,WKO00_Su_20220201_20260312,00_Year_Round_A_Aug_A_Christmas (Sunday only),0,0,0,0,0,0,1,2022-03-01,2022-03-31,3
322,WKO00_Su_20220201_20260312,00_Year_Round_A_Aug_A_Christmas (Sunday only),0,0,0,0,0,0,1,2022-04-01,2022-04-30,4
323,WKO00_Su_20220201_20260312,00_Year_Round_A_Aug_A_Christmas (Sunday only),0,0,0,0,0,0,1,2022-05-01,2022-05-31,5
324,WKO00_Su_20220201_20260312,00_Year_Round_A_Aug_A_Christmas (Sunday only),0,0,0,0,0,0,1,2022-06-01,2022-06-30,6
325,WKO00_Su_20220201_20260312,00_Year_Round_A_Aug_A_Christmas (Sunday only),0,0,0,0,0,0,1,2022-07-01,2022-07-31,7
326,WKO00_Su_20220201_20260312,00_Year_Round_A_Aug_A_Christmas (Sunday only),0,0,0,0,0,0,1,2022-08-01,2022-08-31,8
327,WKO00_Su_20220201_20260312,00_Year_Round_A_Aug_A_Christmas (Sunday only),0,0,0,0,0,0,1,2022-09-01,2022-09-30,9
328,WKO00_Su_20220201_20260312,00_Year_Round_A_Aug_A_Christmas (Sunday only),0,0,0,0,0,0,1,2022-10-01,2022-10-31,10
329,WKO00_Su_20220201_20260312,00_Year_Round_A_Aug_A_Christmas (Sunday only),0,0,0,0,0,0,1,2022-11-01,2022-11-30,11
330,WKO00_Su_20220201_20260312,00_Year_Round_A_Aug_A_Christmas (Sunday only),0,0,0,0,0,0,1,2022-12-01,2022-12-31,12
331,WKO00_S_20220201_20260312,00_Year_Round_A_Aug_A_Christmas (Saturday only),0,0,0,0,0,1,0,2022-02-01,2022-02-28,2
332,WKO00_S_20220201_20260312,00_Year_Round_A_Aug_A_Christmas (Saturday only),0,0,0,0,0,1,0,2022-03-01,2022-03-31,3
333,WKO00_S_20220201_20260312,00_Year_Round_A_Aug_A_Christmas (Saturday only),0,0,0,0,0,1,0,2022-04-01,2022-04-30,4
334,WKO00_S_20220201_20260312,00_Year_Round_A_Aug_A_Christmas (Saturday only),0,0,0,0,0,1,0,2022-05-01,2022-05-31,5
335,WKO00_S_20220201_20260312,00_Year_Round_A_Aug_A_Christmas (Saturday only),0,0,0,0,0,1,0,2022-06-01,2022-06-30,6
336,WKO00_S_20220201_20260312,00_Year_Round_A_Aug_A_Christmas (Saturday only),0,0,0,0,0,1,0,2022-07-01,2022-07-31,7
337,WKO00_S_20220201_20260312,00_Year_Round_A_Aug_A_Christmas (Saturday only),0,0,0,0,0,1,0,2022-08-01,2022-08-31,8
338,WKO00_S_20220201_20260312,00_Year_Round_A_Aug_A_Christmas (Saturday only),0,0,0,0,0,1,0,2022-09-01,2022-09-30,9
339,WKO00_S_20220201_20260312,00_Year_Round_A_Aug_A_Christmas (Saturday only),0,0,0,0,0,1,0,2022-10-01,2022-10-31,10
340,WKO00_S_20220201_20260312,00_Year_Round_A_Aug_A_Christmas (Saturday only),0,0,0,0,0,1,0,2022-11-01,2022-11-30,11
341,WKO00_S_20220201_20260312,00_Year_Round_A_Aug_A_Christmas (Saturday only),0,0,0,0,0,1,0,2022-12-01,2022-12-31,12
342,WKO00_MTWThF_20220201_20260312,00_Year_Round_A_Aug_A_Christmas (Weekday),1,1,1,1,1,0,0,2022-02-01,2022-02-28,2
343,WKO00_MTWThF_20220201_20260312,00_Year_Round_A_Aug_A_Christmas (Weekday),1,1,1,1,1,0,0,2022-03-01,2022-03-31,3
344,WKO00_MTWThF_20220201_20260312,00_Year_Round_A_Aug_A_Christmas (Weekday),1,1,1,1,1,0,0,2022-04-01,2022-04-30,4
345,WKO00_MTWThF_20220201_20260312,00_Year_Round_A_Aug_A_Christmas (Weekday),1,1,1,1,1,0,0,2022-05-01,2022-05-31,5
346,WKO00_MTWThF_20220201_20260312,00_Year_Round_A_Aug_A_Christmas (Weekday),1,1,1,1,1,0,0,2022-06-01,2022-06-30,6
347,WKO00_MTWThF_20220201_20260312,00_Year_Round_A_Aug_A_Christmas (Weekday),1,1,1,1,1,0,0,2022-07-01,2022-07-31,7
348,WKO00_MTWThF_20220201_20260312,00_Year_Round_A_Aug_A_Christmas (Weekday),1,1,1,1,1,0,0,2022-08-01,2022-08-31,8
349,WKO00_MTWThF_20220201_20260312,00_Year_Round_A_Aug_A_Christmas (Weekday),1,1,1,1,1,0,0,2022-09-01,2022-09-30,9
350,WKO00_MTWThF_20220201_20260312,00_Year_Round_A_Aug_A_Christmas (Weekday),1,1,1,1,1,0,0,2022-10-01,2022-10-31,10
351,WKO00_MTWThF_20220201_20260312,00_Year_Round_A_Aug_A_Christmas (Weekday),1,1,1,1,1,0,0,2022-11-01,2022-11-30,11
352,WKO00_MTWThF_20220201_20260312,00_Year_Round_A_Aug_A_Christmas (Weekday),1,1,1,1,1,0,0,2022-12-01,2022-12-31,12
353,WKO00_W_20221214_20221214,00_Mangakino_Taupo (Wednesday only),0,0,1,0,0,0,0,2022-12-14,2022-12-14,12
354,WKO00_W_20221130_20221130,00_Mangakino_Taupo (Wednesday only),0,0,1,0,0,0,0,2022-11-30,2022-11-30,11
355,WKO00_W_20221116_20221116,00_Mangakino_Taupo (Wednesday only),0,0,1,0,0,0,0,2022-11-16,2022-11-16,11
356,WKO00_W_20221102_20221102,00_Mangakino_Taupo (Wednesday only),0,0,1,0,0,0,0,2022-11-02,2022-11-02,11
357,WKO00_W_20221019_20221019,00_Mangakino_Taupo (Wednesday only),0,0,1,0,0,0,0,2022-10-19,2022-10-19,10
358,WKO00_W_20221005_20221005,00_Mangakino_Taupo (Wednesday only),0,0,1,0,0,0,0,2022-10-05,2022-10-05,10
359,WKO00_W_20220921_20220921,00_Mangakino_Taupo (Wednesday only),0,0,1,0,0,0,0,2022-09-21,2022-09-21,9
360,WKO00_W_20220907_20220907,00_Mangakino_Taupo (Wednesday only),0,0,1,0,0,0,0,2022-09-07,2022-09-07,9
361,WKO00_W_20220824_20220824,00_Mangakino_Taupo (Wednesday only),0,0,1,0,0,0,0,2022-08-24,2022-08-24,8
362,WKO00_W_20220810_20220810,00_Mangakino_Taupo (Wednesday only),0,0,1,0,0,0,0,2022-08-10,2022-08-10,8
363,WKO00_W_20220727_20220727,00_Mangakino_Taupo (Wednesday only),0,0,1,0,0,0,0,2022-07-27,2022-07-27,7
364,WKO00_W_20220713_20220713,00_Mangakino_Taupo (Wednesday only),0,0,1,0,0,0,0,2022-07-13,2022-07-13,7
365,WKO00_W_20220629_20220629,00_Mangakino_Taupo (Wednesday only),0,0,1,0,0,0,0,2022-06-29,2022-06-29,6
366,WKO00_W_20220601_20220601,00_Mangakino_Taupo (Wednesday only),0,0,1,0,0,0,0,2022-06-01,2022-06-01,6
367,WKO00_W_20220615_20220615,00_Mangakino_Taupo (Wednesday only),0,0,1,0,0,0,0,2022-06-15,2022-06-15,6
368,WKO00_W_20220518_20220518,00_Mangakino_Taupo (Wednesday only),0,0,1,0,0,0,0,2022-05-18,2022-05-18,5
369,WKO00_W_20220504_20220504,00_Mangakino_Taupo (Wednesday only),0,0,1,0,0,0,0,2022-05-04,2022-05-04,5
370,WKO00_W_20220420_20220420,00_Mangakino_Taupo (Wednesday only),0,0,1,0,0,0,0,2022-04-20,2022-04-20,4
371,WKO00_W_20220406_20220406,00_Mangakino_Taupo (Wednesday only),0,0,1,0,0,0,0,2022-04-06,2022-04-06,4
372,WKO00_W_20220112_20220112,00_Mangakino_Taupo (Wednesday only),0,0,1,0,0,0,0,2022-01-12,2022-01-12,1
373,WKO00_W_20220209_20220209,00_Mangakino_Taupo (Wednesday only),0,0,1,0,0,0,0,2022-02-09,2022-02-09,2
374,WKO00_W_20220323_20220323,00_Mangakino_Taupo (Wednesday only),0,0,1,0,0,0,0,2022-03-23,2022-03-23,3
375,WKO00_W_20220223_20220223,00_Mangakino_Taupo (Wednesday only),0,0,1,0,0,0,0,2022-02-23,2022-02-23,2
376,WKO00_W_20220126_20220126,00_Mangakino_Taupo (Wednesday only),0,0,1,0,0,0,0,2022-01-26,2022-01-26,1
377,WKO00_W_20220309_20220309,00_Mangakino_Taupo (Wednesday only),0,0,1,0,0,0,0,2022-03-09,2022-03-09,3
